GEO_ID,NAME,DP03_0002PE,DP03_0009PE,DP03_0021PE,DP03_0024PE,DP03_0025E,DP03_0042PE,DP03_0062E,DP03_0062M,DP03_0063E,DP03_0088E,DP03_0092E,DP03_0066PE,DP03_0074PE,DP03_0096PE,DP03_0097PE,DP03_0098PE,DP03_0099PE,DP03_0099PM,DP03_0101PE,DP03_0119PE,DP03_0128PE,DP03_0129PE,DP03_0135PE
0400000US01,Alabama,59.2,4.2,0.4,8.3,26.0,22.9,66659,780,90741,36940,41871,34.8,13.1,91.8,67.5,37.9,8.2,0.3,4.3,10.9,15.2,20.2,13.0
0400000US02,Alaska,66.6,6.0,0.7,8.4,19.8,26.3,95665,3278,122082,47267,50872,26.5,10.4,89.0,65.8,37.8,11.0,0.8,8.8,6.5,10.2,13.0,8.4
0400000US04,Arizona,61.4,4.6,1.1,16.3,26.4,22.3,81486,684,110522,43676,46251,34.2,10.2,89.7,65.0,37.6,10.3,0.4,9.3,7.9,11.7,14.6,10.5
0400000US05,Arkansas,59.0,3.8,0.3,8.6,22.7,24.1,62106,831,85474,34812,40734,34.8,9.0,90.6,60.8,42.6,9.4,0.5,7.7,11.3,15.5,20.0,12.2
0400000US06,California,64.2,5.9,3.3,14.1,29.7,22.9,100149,381,140112,49934,50460,28.8,13.5,94.1,63.2,41.0,5.9,0.1,3.1,8.5,11.8,14.6,11.8
0400000US08,Colorado,68.7,4.3,1.7,19.9,25.7,22.4,97113,1081,131072,54531,54163,26.0,8.9,92.1,70.8,32.2,7.9,0.3,6.0,6.2,9.6,11.5,8.8
0400000US09,Connecticut,66.1,4.9,4.0,13.4,27.0,27.5,96049,1824,139313,56190,52631,32.5,11.9,94.2,67.6,38.0,5.8,0.3,2.6,7.7,10.2,13.4,9.3
0400000US10,Delaware,62.6,5.1,2.3,12.9,26.8,27.3,87534,2747,114291,45438,46579,38.3,10.0,93.1,69.8,39.9,6.9,0.7,5.8,6.4,9.6,12.6,9.8
0400000US11,District of Columbia,71.3,5.6,26.6,22.9,31.0,18.1,109707,4149,161107,76604,80645,16.7,15.9,95.5,69.4,34.6,4.5,0.7,2.7,13.8,17.3,28.3,18.2
0400000US12,Florida,60.8,4.6,1.3,15.5,28.9,21.2,77735,564,108835,43582,42321,36.6,11.4,89.1,65.4,35.8,10.9,0.2,8.5,8.4,12.0,15.5,12.0
0400000US13,Georgia,64.5,4.7,1.2,14.9,29.4,21.4,79991,633,108907,41996,45204,29.6,10.8,88.0,67.2,31.9,12.0,0.3,7.9,9.3,12.6,16.3,12.3
0400000US15,Hawaii,64.1,3.4,4.3,8.9,26.7,22.7,100745,1760,131862,46713,49652,38.7,11.5,96.5,74.6,40.1,3.5,0.4,2.9,6.5,10.0,11.5,9.3
0400000US16,Idaho,63.2,3.7,0.5,12.7,22.2,23.0,81166,1340,104073,39870,41563,32.8,7.2,90.8,69.8,33.7,9.2,0.6,8.1,6.8,10.5,11.1,8.8
0400000US17,Illinois,65.5,5.1,7.0,13.6,28.3,23.5,83211,898,115705,46937,49650,29.7,13.4,93.1,69.5,34.9,6.9,0.2,3.6,8.0,11.6,14.1,11.1
0400000US18,Indiana,64.2,4.1,0.6,9.6,24.6,23.5,71959,630,95565,38794,44095,32.1,8.6,92.5,67.2,37.1,7.5,0.3,6.1,8.4,12.2,16.4,9.7
0400000US19,Iowa,66.5,3.2,0.8,9.9,20.4,24.6,75501,1016,96497,40536,44656,31.5,8.2,94.6,71.4,36.6,5.4,0.3,3.8,7.4,11.3,13.6,8.3
0400000US20,Kansas,66.6,3.7,0.3,10.3,20.0,25.0,75514,996,101988,41580,44119,30.9,5.9,91.5,73.8,30.6,8.5,0.4,7.0,6.9,10.9,12.8,9.0
0400000US21,Kentucky,60.2,4.9,0.6,9.5,24.5,24.7,64526,1165,87717,35955,41577,34.4,13.4,93.2,63.1,43.5,6.8,0.3,5.0,11.5,15.6,19.3,13.0
0400000US22,Louisiana,59.9,5.2,0.9,8.0,26.2,25.3,60986,803,86656,35440,40882,32.6,16.7,92.3,58.3,46.3,7.7,0.3,4.1,13.7,18.7,25.2,14.9
0400000US23,Maine,61.9,2.7,0.6,14.7,25.6,27.8,76442,1354,102734,45286,46556,38.4,12.7,94.5,68.7,40.8,5.5,0.4,4.5,6.2,10.6,12.7,9.5
0400000US24,Maryland,67.9,4.3,5.0,15.6,32.3,24.7,102905,1404,136413,53199,57033,29.1,10.3,93.7,73.3,35.0,6.3,0.3,4.6,6.2,9.1,10.6,10.0
0400000US25,Massachusetts,67.2,4.1,7.8,14.8,30.6,28.3,104828,1650,144312,57789,57238,30.8,15.1,97.2,73.1,37.4,2.8,0.2,2.1,6.3,9.7,11.1,10.8
0400000US26,Michigan,61.6,4.5,1.0,11.2,24.3,23.6,72389,567,98697,40990,43195,35.3,13.2,94.9,69.7,40.4,5.1,0.2,3.5,9.2,13.4,18.0,10.8
0400000US27,Minnesota,68.1,3.7,1.8,14.7,22.7,26.1,87117,961,116159,47926,51228,30.4,8.3,94.9,74.0,35.1,5.1,0.2,3.7,5.7,9.3,9.5,9.1
0400000US28,Mississippi,58.9,4.6,0.3,6.2,26.4,26.5,59127,1560,80847,32749,39108,35.5,11.9,90.3,62.5,40.7,9.7,0.4,5.8,13.5,17.8,25.2,14.4
0400000US29,Missouri,63.5,3.3,1.0,11.8,24.0,25.4,71589,703,96920,40284,43094,33.0,9.3,92.3,68.2,35.9,7.7,0.3,6.6,8.4,12.3,15.4,11.0
0400000US30,Montana,63.2,3.0,0.8,11.7,19.5,22.8,75340,1635,101634,43254,41741,35.5,7.0,91.2,66.7,39.3,8.8,0.6,7.7,6.0,10.2,11.0,9.6
0400000US31,Nebraska,68.7,3.4,0.5,9.7,19.9,24.7,76376,1384,100280,41026,44461,29.8,8.4,92.9,73.4,31.9,7.1,0.5,5.3,7.4,10.9,12.0,9.8
0400000US32,Nevada,64.6,6.3,2.5,11.3,25.7,17.2,81134,1112,109620,42545,43185,31.3,11.9,88.6,63.9,36.1,11.4,0.5,8.0,8.0,11.6,14.6,10.6
0400000US33,New Hampshire,66.4,2.8,0.6,16.0,27.5,25.1,99782,2489,128604,53064,52029,35.7,6.5,95.5,76.8,33.2,4.5,0.4,2.3,4.3,7.2,6.6,7.8
0400000US34,New Jersey,66.9,5.4,9.7,13.5,31.9,24.4,104294,997,143216,53818,55531,32.2,9.1,92.3,70.5,33.0,7.7,0.3,4.7,6.5,9.2,11.7,9.7
0400000US35,New Mexico,58.7,5.3,0.5,10.3,24.0,24.7,67816,1867,91875,37978,40349,35.7,19.3,89.9,52.6,51.4,10.1,0.6,6.1,13.2,16.4,21.8,14.0
0400000US36,New York,63.0,5.3,24.2,11.8,33.2,29.2,85820,653,128562,51002,51169,32.5,16.2,95.0,64.5,43.6,5.0,0.1,2.7,9.8,14.0,17.9,14.0
0400000US37,North Carolina,63.4,4.0,0.8,15.4,25.7,22.8,73958,863,103766,42777,43948,31.7,12.0,91.4,67.1,37.7,8.6,0.2,5.5,8.8,12.5,16.5,11.1
0400000US38,North Dakota,68.4,1.9,0.5,7.1,17.5,25.4,77871,2755,103487,45281,47520,28.0,6.4,93.9,79.3,28.6,6.1,0.7,6.7,7.0,11.1,12.8,9.9
0400000US39,Ohio,63.5,4.0,1.0,11.9,23.8,24.8,72212,538,97483,40934,45067,32.4,11.6,93.3,67.2,38.3,6.7,0.2,5.6,8.7,12.7,16.5,10.4
0400000US40,Oklahoma,61.5,4.7,0.3,8.9,22.7,23.9,66148,663,90075,35882,40862,31.3,14.0,88.5,62.5,38.8,11.5,0.3,8.5,10.9,14.9,18.9,11.9
0400000US41,Oregon,62.9,4.9,2.4,17.1,23.2,24.3,85220,1399,110900,45821,47358,33.2,16.4,94.8,66.5,42.2,5.2,0.2,2.7,7.3,11.8,13.0,10.8
0400000US42,Pennsylvania,63.2,4.3,4.2,13.8,27.1,27.0,77545,816,107471,44674,46804,35.3,15.1,94.2,70.3,38.6,5.8,0.2,5.4,7.8,11.6,15.3,10.2
0400000US44,Rhode Island,65.6,5.0,2.1,11.6,26.3,25.2,83504,3548,114532,47260,49492,34.9,13.9,95.4,69.1,40.1,4.6,0.6,3.7,7.9,12.2,16.3,11.2
0400000US45,South Carolina,61.3,4.5,0.3,12.3,26.3,22.1,72350,959,97757,40195,42275,35.2,9.5,91.0,67.4,38.3,9.0,0.3,5.9,9.5,13.3,18.3,11.1
0400000US46,South Dakota,67.9,2.8,0.2,8.0,18.5,24.7,76881,1990,100178,41637,45579,30.7,7.1,91.9,73.2,32.1,8.1,0.7,8.0,6.6,10.4,11.2,9.7
0400000US47,Tennessee,63.3,4.2,0.5,12.7,26.5,22.6,71997,638,99759,40729,43255,32.3,9.4,90.3,66.8,35.5,9.7,0.3,6.5,9.3,13.5,19.1,10.7
0400000US48,Texas,65.7,4.8,1.0,12.9,27.5,21.6,79721,564,111695,41614,45035,25.8,10.3,83.3,63.9,28.2,16.7,0.2,13.6,10.1,13.4,17.9,12.3
0400000US49,Utah,69.8,3.8,1.9,15.7,23.2,22.8,96658,1179,122370,41806,44769,24.1,4.6,91.7,77.9,22.2,8.3,0.5,6.6,5.3,8.3,8.6,7.7
0400000US50,Vermont,64.8,2.7,1.4,16.0,23.9,28.7,82730,1846,109920,48856,46970,36.6,10.6,95.8,70.9,40.5,4.2,0.6,2.6,5.7,9.0,9.1,8.2
0400000US51,Virginia,65.2,3.6,3.0,15.8,28.3,22.6,92090,831,127363,50866,51322,30.3,9.2,93.1,72.7,34.4,6.9,0.3,5.2,6.7,9.7,11.7,9.4
0400000US53,Washington,65.0,4.9,4.2,16.4,27.2,22.7,99389,1322,136793,55177,56325,28.9,11.1,93.5,70.8,35.6,6.5,0.2,3.9,6.3,9.9,11.4,9.1
0400000US54,West Virginia,54.9,4.6,0.6,8.8,26.5,27.3,60798,1120,81114,34707,40545,40.6,17.0,94.2,63.8,46.7,5.8,0.4,2.8,12.1,16.7,21.6,12.9
0400000US55,Wisconsin,65.4,3.1,1.4,11.8,22.7,23.6,77488,902,100929,43361,47337,33.1,11.0,94.7,72.7,35.3,5.3,0.2,4.2,6.4,10.3,12.2,9.9
0400000US56,Wyoming,64.9,3.4,1.1,9.7,19.7,24.3,75532,2468,101197,44008,42185,33.5,5.6,89.7,72.7,31.2,10.3,1.0,9.0,6.4,10.1,9.5,9.0
0400000US72,Puerto Rico,47.5,8.4,1.0,6.0,28.6,21.1,27213,751,43218,18766,22251,46.5,45.0,94.4,38.3,62.4,5.6,0.3,2.5,33.3,37.3,51.8,38.7
